{
  "train_losses": [],
  "val_losses": [],
  "train_metrics": {
    "auc": 1.0,
    "logloss": 0.023515918240406424,
    "accuracy": 1.0
  },
  "val_metrics": {
    "auc": 0.5530303030303031,
    "logloss": 0.49005725958574303,
    "accuracy": 0.88
  },
  "epochs": []
}